neighborhood,HI_index
Midtown,8.49
Bedford-Stuyvesant,4.82
Williamsburg,6.94
East Harlem,4.82
Fort Greene,7.71
Hell's Kitchen,4.21
East Village,8.06
Flatbush,5.8
Long Island City,6.52
Greenpoint,6.94
Chelsea,8.49
Lower East Side,6.72
Clinton Hill,6.92
Woodside,6.33
Upper East Side,9.36
Kips Bay,8.55
Harlem,6.03
Carroll Gardens,8.76
West Village,9.05
Park Slope,8.76
South Slope,8.7
East Flatbush,5.74
Upper West Side,8.86
Boerum Hill,7.56
Prospect Heights,5.64
Sunnyside,6.33
St. George,5.33
Ridgewood,8.36
Mott Haven,3.24
Morningside Heights,7.19
Middle Village,5.98
Ditmars Steinway,5.65
Jamaica,5.24
Brooklyn Heights,7.71
Chinatown,6.72
Tribeca,8.93
Greenwich Village,8.97
Eastchester,5.22
Clason Point,4.44
Crown Heights,5.64
Nolita,8.93
Gowanus,8.34
Astoria,6.52
Kingsbridge,6.24
Jackson Heights,4.87
Bushwick,4.58
Downtown Brooklyn,7.56
Sheepshead Bay,6.35
Rockaway Beach,5.39
Emerson Hill,6.81
Bensonhurst,5.35
Murray Hill,8.76
Shore Acres,5.8
Prospect-Lefferts Gardens,5.4
Gramercy,8.76
Washington Heights,5.18
Windsor Terrace,7.64
University Heights,3.68
Gravesend,5.06
Allerton,5.54
Theater District,8.49
Rego Park,7.34
Kensington,5.83
Sunset Park,3.6
Maspeth,6.48
Spuyten Duyvil,7.07
Briarwood,6.33
Brighton Beach,5.62
Little Italy,8.93
SoHo,8.93
Co-op City,5.7
Elmhurst,4.94
East New York,3.64
Inwood,5.12
Bayside,7.97
Battery Park City,8.69
Two Bridges,6.72
Fort Hamilton,5.04
Cobble Hill,8.61
New Springville,6.43
Tottenville,6.94
Tompkinsville,6.81
Columbia St,8.07
Red Hook,8.07
East Elmhurst,4.94
Melrose,3.24
Concord,6.43
NoHo,8.69
Flushing,5.35
College Point,5.77
Bay Ridge,7.05
Norwood,4.17
Concourse,3.45
Vinegar Hill,7.56
DUMBO,7.56
City Island,6.28
Canarsie,6.05
Port Morris,2.91
Arverne,4.94
Richmond Hill,5.27
Queens Village,6.41
Glendale,6.16
Longwood,3.3
Financial District,8.59
Williamsbridge,5.02
Soundview,3.65
Parkchester,5.35
Bronxdale,4.59
Forest Hills,8.19
Sea Gate,2.71
Bay Terrace,8.1
Ozone Park,5.33
Flatlands,6.27
Claremont Village,2.71
Fordham,3.99
Clifton,4.87
Borough Park,4.64
Woodhaven,5.19
Huguenot,6.67
Mount Hope,3.99
Wakefield,5.25
Midwood,5.91
Concourse Village,3.45
Brownsville,3.57
Civic Center,8.93
Fieldston,7.8
Roosevelt Island,8.96
Lighthouse Hill,6.81
Unionport,4.62
Stuyvesant Town,8.51
Kew Gardens,7.22
Bellerose,7.29
Flatiron District,8.59
Morris Park,4.9
Pelham Gardens,5.54
Mariners Harbor,5.8
South Ozone Park,5.33
East Morrisania,3.38
Tremont,2.88
Cypress Hills,3.96
West Brighton,6.27
Jamaica Estates,4.56
Manhattan Beach,6.56
Marble Hill,5.18
Springfield Gardens,6.78
Dongan Hills,6.11
Hollis,5.35
Belmont,2.87
Castleton Corners,6.86
Howard Beach,6.96
Laurelton,7.1
Hunts Point,3.18
Randall Manor,8.58
Fresh Meadows,6.94
Pelham Bay,6.28
Great Kills,6.86
Silver Lake,6.35
Riverdale,7.8
Morrisania,3.38
Holliswood,7.12
Grymes Hill,5.67
Corona,3.82
New Brighton,6.35
Edgemere,4.94
Baychester,5.22
Stapleton,5.09
Richmondtown,6.94
Olinville,5.02
Dyker Heights,5.24
Kew Gardens Hills,6.88
Navy Yard,4.4
St. Albans,5.82
Coney Island,3.95
Rosedale,7.04
Morris Heights,3.68
Howland Hook,5.25
Highbridge,3.51
South Beach,6.11
Bath Beach,6.1
Cambria Heights,7.2
Oakwood,7.05
Arrochar,6.72
Edenwald,5.22
Whitestone,7.31
Mount Eden,3.6
Fort Wadsworth,6.72
Rosebank,5.09
Westchester Square,4.9
New Dorp,6.58
Far Rockaway,4.62
Port Richmond,5.25
Neponsit,4.56
North Riverdale,7.8
Throgs Neck,6.22
Country Club,6.28
Bayswater,4.62
Willowbrook,5.27
Douglaston,8.58
New Dorp Beach,6.58
Bergen Beach,6.86
Schuylerville,6.22
Midland Beach,6.58
West Farms,3.68
Arden Heights,6.78
Grant City,6.11
Jamaica Hills,6.33
Prince's Bay,6.67
Little Neck,8.58
Bull's Head,7.1
Woodlawn,5.65
Gerritsen Beach,6.56
Westerleigh,6.86
Belle Harbor,6.76
Breezy Point,5.39
Graniteville,5.53
"Chelsea, Staten Island",8.59
Mill Basin,6.86
Woodrow,6.92
Van Nest,4.9
Castle Hill,4.78
Eltingville,6.67
Todt Hill,6.81
Rossville,6.92
"Bay Terrace, Staten Island",8.1
